{
    "paths":{
        "pearson_landing_page": "https://www.pearson.com/",
        "test_search_results": "https://www.pearson.com/search-results.html?_charset_=UTF-8&#stp=1&stq=development",
        "test_search_result_next": "https://www.pearson.com/search-results.html?_charset_=UTF-8&#stq=development&stp=2",
        "proper_article_redirect": "https://www.pearson.com/content/dam/one-dot-com/one-dot-com/global/Files/efficacy-and-research/methods/learning-principles/Mobile_Learning-Learner_Affordances.pdf"
    }
}